{"cameraMode":{"drawMode":0,"name":"Shaded","section":"Shading Mode"},"sceneLighting":false,"audioPlay":false,"sceneViewState":{"m_AlwaysRefresh":false,"showFog":true,"showSkybox":true,"showFlares":true,"showImageEffects":true,"showParticleSystems":true,"showVisualEffectGraphs":true,"m_FxEnabled":true},"in2DMode":false,"pivot":{"x":0.22669243812561036,"y":8.379639625549317,"z":0.9980125427246094},"rotation":{"x":0.007499616593122482,"y":0.00899962242692709,"z":-0.00006749858584953472,"w":0.9999306797981262},"size":11.384382247924805,"orthographic":false}